{
  "_meta": {
    "defaultImage": "/assets/images/hero/page-title.jpg"
  },

  "city-chantilly": {
    "id": "city-chantilly",
    "slug": "chantilly",
    "name": "Chantilly",
    "zoneSlug": "sud-oise",
    "zoneName": "Sud Oise (60)",
    "segment": "premium",
    "localNotes": ["Zone plutôt concurrentielle", "Attentes fortes en qualité et image"],
    "nearby": ["city-senlis", "city-lamorlaye", "city-gouvieux"],
    "pageTitle": {
      "badge": "Ville",
      "title": "Chantilly — plus d’appels & demandes",
      "subtitle": "Sud Oise (60) • Objectif : appels & formulaires",
      "image": "/assets/images/hero/page-title.jpg"
    },
    "breadcrumbs": [
      { "name": "Accueil", "url": "/" },
      { "name": "Zones", "url": "/zones/" },
      { "name": "Sud Oise (60)", "url": "/zones/sud-oise/" },
      { "name": "Chantilly", "url": "/zones/sud-oise/chantilly/" }
    ],
    "seo": {
      "title": "Chantilly (Sud Oise) — appels & demandes | Horizon Conversion",
      "description": "À Chantilly (Sud Oise), on transforme votre visibilité locale en appels et demandes : page claire, preuves, contact simple, et suivi des demandes.",
      "canonical": "https://horizon-conversion.fr/zones/sud-oise/chantilly/"
    }
  },

  "city-senlis": {
    "id": "city-senlis",
    "slug": "senlis",
    "name": "Senlis",
    "zoneSlug": "sud-oise",
    "zoneName": "Sud Oise (60)",
    "segment": "premium",
    "localNotes": ["Recherche locale active", "Concurrence visible sur Google"],
    "nearby": ["city-chantilly", "city-pont-sainte-maxence", "city-creil"],
    "pageTitle": {
      "badge": "Ville",
      "title": "Senlis — plus d’appels & demandes",
      "subtitle": "Sud Oise (60) • Objectif : appels & formulaires",
      "image": "/assets/images/hero/page-title.jpg"
    },
    "breadcrumbs": [
      { "name": "Accueil", "url": "/" },
      { "name": "Zones", "url": "/zones/" },
      { "name": "Sud Oise (60)", "url": "/zones/sud-oise/" },
      { "name": "Senlis", "url": "/zones/sud-oise/senlis/" }
    ],
    "seo": {
      "title": "Senlis (Sud Oise) — appels & demandes | Horizon Conversion",
      "description": "À Senlis (Sud Oise), on transforme votre visibilité locale en appels et demandes : page claire, preuves, contact simple, et suivi des demandes.",
      "canonical": "https://horizon-conversion.fr/zones/sud-oise/senlis/"
    }
  },

  "city-creil": {
    "id": "city-creil",
    "slug": "creil",
    "name": "Creil",
    "zoneSlug": "sud-oise",
    "zoneName": "Sud Oise (60)",
    "segment": "volume",
    "localNotes": ["Volume de recherches souvent plus large", "Besoin de qualification des demandes"],
    "nearby": ["city-montataire", "city-nogent-sur-oise", "city-senlis"],
    "pageTitle": {
      "badge": "Ville",
      "title": "Creil — plus d’appels & demandes",
      "subtitle": "Sud Oise (60) • Objectif : appels & formulaires",
      "image": "/assets/images/hero/page-title.jpg"
    },
    "breadcrumbs": [
      { "name": "Accueil", "url": "/" },
      { "name": "Zones", "url": "/zones/" },
      { "name": "Sud Oise (60)", "url": "/zones/sud-oise/" },
      { "name": "Creil", "url": "/zones/sud-oise/creil/" }
    ],
    "seo": {
      "title": "Creil (Sud Oise) — appels & demandes | Horizon Conversion",
      "description": "À Creil (Sud Oise), on transforme votre visibilité locale en appels et demandes : page claire, preuves, contact simple, et suivi des demandes.",
      "canonical": "https://horizon-conversion.fr/zones/sud-oise/creil/"
    }
  },

  "city-montataire": {
    "id": "city-montataire",
    "slug": "montataire",
    "name": "Montataire",
    "zoneSlug": "sud-oise",
    "zoneName": "Sud Oise (60)",
    "segment": "volume",
    "localNotes": ["Zone locale proche Creil", "Concurrence variable selon métiers"],
    "nearby": ["city-creil", "city-nogent-sur-oise"],
    "pageTitle": {
      "badge": "Ville",
      "title": "Montataire — plus d’appels & demandes",
      "subtitle": "Sud Oise (60) • Objectif : appels & formulaires",
      "image": "/assets/images/hero/page-title.jpg"
    },
    "breadcrumbs": [
      { "name": "Accueil", "url": "/" },
      { "name": "Zones", "url": "/zones/" },
      { "name": "Sud Oise (60)", "url": "/zones/sud-oise/" },
      { "name": "Montataire", "url": "/zones/sud-oise/montataire/" }
    ],
    "seo": {
      "title": "Montataire (Sud Oise) — appels & demandes | Horizon Conversion",
      "description": "À Montataire (Sud Oise), on transforme votre visibilité locale en appels et demandes : page claire, preuves, contact simple, et suivi des demandes.",
      "canonical": "https://horizon-conversion.fr/zones/sud-oise/montataire/"
    }
  },

  "city-nogent-sur-oise": {
    "id": "city-nogent-sur-oise",
    "slug": "nogent-sur-oise",
    "name": "Nogent-sur-Oise",
    "zoneSlug": "sud-oise",
    "zoneName": "Sud Oise (60)",
    "segment": "volume",
    "localNotes": ["Souvent orienté demandes rapides", "Important : appels + messages"],
    "nearby": ["city-creil", "city-pont-sainte-maxence"],
    "pageTitle": {
      "badge": "Ville",
      "title": "Nogent-sur-Oise — plus d’appels & demandes",
      "subtitle": "Sud Oise (60) • Objectif : appels & formulaires",
      "image": "/assets/images/hero/page-title.jpg"
    },
    "breadcrumbs": [
      { "name": "Accueil", "url": "/" },
      { "name": "Zones", "url": "/zones/" },
      { "name": "Sud Oise (60)", "url": "/zones/sud-oise/" },
      { "name": "Nogent-sur-Oise", "url": "/zones/sud-oise/nogent-sur-oise/" }
    ],
    "seo": {
      "title": "Nogent-sur-Oise (Sud Oise) — appels & demandes | Horizon Conversion",
      "description": "À Nogent-sur-Oise (Sud Oise), on transforme votre visibilité locale en appels et demandes : page claire, preuves, contact simple, et suivi des demandes.",
      "canonical": "https://horizon-conversion.fr/zones/sud-oise/nogent-sur-oise/"
    }
  },

  "city-pont-sainte-maxence": {
    "id": "city-pont-sainte-maxence",
    "slug": "pont-sainte-maxence",
    "name": "Pont-Sainte-Maxence",
    "zoneSlug": "sud-oise",
    "zoneName": "Sud Oise (60)",
    "segment": "mix",
    "localNotes": ["Mix entre volume et qualité", "Important : zone d’intervention claire"],
    "nearby": ["city-senlis", "city-nogent-sur-oise"],
    "pageTitle": {
      "badge": "Ville",
      "title": "Pont-Sainte-Maxence — plus d’appels & demandes",
      "subtitle": "Sud Oise (60) • Objectif : appels & formulaires",
      "image": "/assets/images/hero/page-title.jpg"
    },
    "breadcrumbs": [
      { "name": "Accueil", "url": "/" },
      { "name": "Zones", "url": "/zones/" },
      { "name": "Sud Oise (60)", "url": "/zones/sud-oise/" },
      { "name": "Pont-Sainte-Maxence", "url": "/zones/sud-oise/pont-sainte-maxence/" }
    ],
    "seo": {
      "title": "Pont-Sainte-Maxence (Sud Oise) — appels & demandes | Horizon Conversion",
      "description": "À Pont-Sainte-Maxence (Sud Oise), on transforme votre visibilité locale en appels et demandes : page claire, preuves, contact simple, et suivi des demandes.",
      "canonical": "https://horizon-conversion.fr/zones/sud-oise/pont-sainte-maxence/"
    }
  },

  "city-lamorlaye": {
    "id": "city-lamorlaye",
    "slug": "lamorlaye",
    "name": "Lamorlaye",
    "zoneSlug": "sud-oise",
    "zoneName": "Sud Oise (60)",
    "segment": "premium",
    "localNotes": ["Attentes élevées, image importante", "Rassurance + clarté"],
    "nearby": ["city-chantilly", "city-gouvieux"],
    "pageTitle": {
      "badge": "Ville",
      "title": "Lamorlaye — plus d’appels & demandes",
      "subtitle": "Sud Oise (60) • Objectif : appels & formulaires",
      "image": "/assets/images/hero/page-title.jpg"
    },
    "breadcrumbs": [
      { "name": "Accueil", "url": "/" },
      { "name": "Zones", "url": "/zones/" },
      { "name": "Sud Oise (60)", "url": "/zones/sud-oise/" },
      { "name": "Lamorlaye", "url": "/zones/sud-oise/lamorlaye/" }
    ],
    "seo": {
      "title": "Lamorlaye (Sud Oise) — appels & demandes | Horizon Conversion",
      "description": "À Lamorlaye (Sud Oise), on transforme votre visibilité locale en appels et demandes : page claire, preuves, contact simple, et suivi des demandes.",
      "canonical": "https://horizon-conversion.fr/zones/sud-oise/lamorlaye/"
    }
  },

  "city-gouvieux": {
    "id": "city-gouvieux",
    "slug": "gouvieux",
    "name": "Gouvieux",
    "zoneSlug": "sud-oise",
    "zoneName": "Sud Oise (60)",
    "segment": "premium",
    "localNotes": ["Contexte proche Chantilly", "Souvent besoin de confiance"],
    "nearby": ["city-chantilly", "city-lamorlaye"],
    "pageTitle": {
      "badge": "Ville",
      "title": "Gouvieux — plus d’appels & demandes",
      "subtitle": "Sud Oise (60) • Objectif : appels & formulaires",
      "image": "/assets/images/hero/page-title.jpg"
    },
    "breadcrumbs": [
      { "name": "Accueil", "url": "/" },
      { "name": "Zones", "url": "/zones/" },
      { "name": "Sud Oise (60)", "url": "/zones/sud-oise/" },
      { "name": "Gouvieux", "url": "/zones/sud-oise/gouvieux/" }
    ],
    "seo": {
      "title": "Gouvieux (Sud Oise) — appels & demandes | Horizon Conversion",
      "description": "À Gouvieux (Sud Oise), on transforme votre visibilité locale en appels et demandes : page claire, preuves, contact simple, et suivi des demandes.",
      "canonical": "https://horizon-conversion.fr/zones/sud-oise/gouvieux/"
    }
  },

  "city-beaumont-sur-oise": {
    "id": "city-beaumont-sur-oise",
    "slug": "beaumont-sur-oise",
    "name": "Beaumont-sur-Oise",
    "zoneSlug": "nord-val-doise",
    "zoneName": "Nord Val-d’Oise (95)",
    "segment": "mix",
    "localNotes": ["Trafic local + alentours", "Bien préciser la zone couverte"],
    "nearby": ["city-persuis", "city-lisle-adam", "city-mery-sur-oise"],
    "pageTitle": {
      "badge": "Ville",
      "title": "Beaumont-sur-Oise — plus d’appels & demandes",
      "subtitle": "Nord Val-d’Oise (95) • Objectif : appels & formulaires",
      "image": "/assets/images/hero/page-title.jpg"
    },
    "breadcrumbs": [
      { "name": "Accueil", "url": "/" },
      { "name": "Zones", "url": "/zones/" },
      { "name": "Nord Val-d’Oise (95)", "url": "/zones/nord-val-doise/" },
      { "name": "Beaumont-sur-Oise", "url": "/zones/nord-val-doise/beaumont-sur-oise/" }
    ],
    "seo": {
      "title": "Beaumont-sur-Oise (Nord Val-d’Oise) — appels & demandes | Horizon Conversion",
      "description": "À Beaumont-sur-Oise (Nord Val-d’Oise), on transforme votre visibilité locale en appels et demandes : page claire, preuves, contact simple, et suivi des demandes.",
      "canonical": "https://horizon-conversion.fr/zones/nord-val-doise/beaumont-sur-oise/"
    }
  },

  "city-luzarches": {
    "id": "city-luzarches",
    "slug": "luzarches",
    "name": "Luzarches",
    "zoneSlug": "nord-val-doise",
    "zoneName": "Nord Val-d’Oise (95)",
    "segment": "premium",
    "localNotes": ["Concurrence possible vers 60/95", "Rassurance + clarté"],
    "nearby": ["city-domont", "city-ecouen", "city-goussainville"],
    "pageTitle": {
      "badge": "Ville",
      "title": "Luzarches — plus d’appels & demandes",
      "subtitle": "Nord Val-d’Oise (95) • Objectif : appels & formulaires",
      "image": "/assets/images/hero/page-title.jpg"
    },
    "breadcrumbs": [
      { "name": "Accueil", "url": "/" },
      { "name": "Zones", "url": "/zones/" },
      { "name": "Nord Val-d’Oise (95)", "url": "/zones/nord-val-doise/" },
      { "name": "Luzarches", "url": "/zones/nord-val-doise/luzarches/" }
    ],
    "seo": {
      "title": "Luzarches (Nord Val-d’Oise) — appels & demandes | Horizon Conversion",
      "description": "À Luzarches (Nord Val-d’Oise), on transforme votre visibilité locale en appels et demandes : page claire, preuves, contact simple, et suivi des demandes.",
      "canonical": "https://horizon-conversion.fr/zones/nord-val-doise/luzarches/"
    }
  },

  "city-domont": {
    "id": "city-domont",
    "slug": "domont",
    "name": "Domont",
    "zoneSlug": "nord-val-doise",
    "zoneName": "Nord Val-d’Oise (95)",
    "segment": "mix",
    "localNotes": ["Marché local actif", "Mettre en avant appels + RDV"],
    "nearby": ["city-montmorency", "city-luzarches", "city-saint-brice-sous-foret"],
    "pageTitle": {
      "badge": "Ville",
      "title": "Domont — plus d’appels & demandes",
      "subtitle": "Nord Val-d’Oise (95) • Objectif : appels & formulaires",
      "image": "/assets/images/hero/page-title.jpg"
    },
    "breadcrumbs": [
      { "name": "Accueil", "url": "/" },
      { "name": "Zones", "url": "/zones/" },
      { "name": "Nord Val-d’Oise (95)", "url": "/zones/nord-val-doise/" },
      { "name": "Domont", "url": "/zones/nord-val-doise/domont/" }
    ],
    "seo": {
      "title": "Domont (Nord Val-d’Oise) — appels & demandes | Horizon Conversion",
      "description": "À Domont (Nord Val-d’Oise), on transforme votre visibilité locale en appels et demandes : page claire, preuves, contact simple, et suivi des demandes.",
      "canonical": "https://horizon-conversion.fr/zones/nord-val-doise/domont/"
    }
  },

  "city-ecouen": {
    "id": "city-ecouen",
    "slug": "ecouen",
    "name": "Écouen",
    "zoneSlug": "nord-val-doise",
    "zoneName": "Nord Val-d’Oise (95)",
    "segment": "mix",
    "localNotes": ["Visibilité locale utile", "Confiance + clarté d’offre"],
    "nearby": ["city-sarcelles", "city-gonesse", "city-luzarches"],
    "pageTitle": {
      "badge": "Ville",
      "title": "Écouen — plus d’appels & demandes",
      "subtitle": "Nord Val-d’Oise (95) • Objectif : appels & formulaires",
      "image": "/assets/images/hero/page-title.jpg"
    },
    "breadcrumbs": [
      { "name": "Accueil", "url": "/" },
      { "name": "Zones", "url": "/zones/" },
      { "name": "Nord Val-d’Oise (95)", "url": "/zones/nord-val-doise/" },
      { "name": "Écouen", "url": "/zones/nord-val-doise/ecouen/" }
    ],
    "seo": {
      "title": "Écouen (Nord Val-d’Oise) — appels & demandes | Horizon Conversion",
      "description": "À Écouen (Nord Val-d’Oise), on transforme votre visibilité locale en appels et demandes : page claire, preuves, contact simple, et suivi des demandes.",
      "canonical": "https://horizon-conversion.fr/zones/nord-val-doise/ecouen/"
    }
  },

  "city-goussainville": {
    "id": "city-goussainville",
    "slug": "goussainville",
    "name": "Goussainville",
    "zoneSlug": "nord-val-doise",
    "zoneName": "Nord Val-d’Oise (95)",
    "segment": "volume",
    "localNotes": ["Souvent besoin de demandes rapides", "Qualification importante"],
    "nearby": ["city-gonesse", "city-luzarches", "city-roissy-en-france"],
    "pageTitle": {
      "badge": "Ville",
      "title": "Goussainville — plus d’appels & demandes",
      "subtitle": "Nord Val-d’Oise (95) • Objectif : appels & formulaires",
      "image": "/assets/images/hero/page-title.jpg"
    },
    "breadcrumbs": [
      { "name": "Accueil", "url": "/" },
      { "name": "Zones", "url": "/zones/" },
      { "name": "Nord Val-d’Oise (95)", "url": "/zones/nord-val-doise/" },
      { "name": "Goussainville", "url": "/zones/nord-val-doise/goussainville/" }
    ],
    "seo": {
      "title": "Goussainville (Nord Val-d’Oise) — appels & demandes | Horizon Conversion",
      "description": "À Goussainville (Nord Val-d’Oise), on transforme votre visibilité locale en appels et demandes : page claire, preuves, contact simple, et suivi des demandes.",
      "canonical": "https://horizon-conversion.fr/zones/nord-val-doise/goussainville/"
    }
  },

  "city-gonesse": {
    "id": "city-gonesse",
    "slug": "gonesse",
    "name": "Gonesse",
    "zoneSlug": "nord-val-doise",
    "zoneName": "Nord Val-d’Oise (95)",
    "segment": "volume",
    "localNotes": ["Zone concurrentielle", "Angle demandes rapides / budget"],
    "nearby": ["city-sarcelles", "city-goussainville", "city-villiers-le-bel"],
    "pageTitle": {
      "badge": "Ville",
      "title": "Gonesse — plus d’appels & demandes",
      "subtitle": "Nord Val-d’Oise (95) • Objectif : appels & formulaires",
      "image": "/assets/images/hero/page-title.jpg"
    },
    "breadcrumbs": [
      { "name": "Accueil", "url": "/" },
      { "name": "Zones", "url": "/zones/" },
      { "name": "Nord Val-d’Oise (95)", "url": "/zones/nord-val-doise/" },
      { "name": "Gonesse", "url": "/zones/nord-val-doise/gonesse/" }
    ],
    "seo": {
      "title": "Gonesse (Nord Val-d’Oise) — appels & demandes | Horizon Conversion",
      "description": "À Gonesse (Nord Val-d’Oise), on transforme votre visibilité locale en appels et demandes : page claire, preuves, contact simple, et suivi des demandes.",
      "canonical": "https://horizon-conversion.fr/zones/nord-val-doise/gonesse/"
    }
  },

  "city-sarcelles": {
    "id": "city-sarcelles",
    "slug": "sarcelles",
    "name": "Sarcelles",
    "zoneSlug": "nord-val-doise",
    "zoneName": "Nord Val-d’Oise (95)",
    "segment": "volume",
    "localNotes": ["Volume de recherches souvent élevé", "Important : filtrer les demandes"],
    "nearby": ["city-garges-les-gonesse", "city-gonesse", "city-villiers-le-bel"],
    "pageTitle": {
      "badge": "Ville",
      "title": "Sarcelles — plus d’appels & demandes",
      "subtitle": "Nord Val-d’Oise (95) • Objectif : appels & formulaires",
      "image": "/assets/images/hero/page-title.jpg"
    },
    "breadcrumbs": [
      { "name": "Accueil", "url": "/" },
      { "name": "Zones", "url": "/zones/" },
      { "name": "Nord Val-d’Oise (95)", "url": "/zones/nord-val-doise/" },
      { "name": "Sarcelles", "url": "/zones/nord-val-doise/sarcelles/" }
    ],
    "seo": {
      "title": "Sarcelles (Nord Val-d’Oise) — appels & demandes | Horizon Conversion",
      "description": "À Sarcelles (Nord Val-d’Oise), on transforme votre visibilité locale en appels et demandes : page claire, preuves, contact simple, et suivi des demandes.",
      "canonical": "https://horizon-conversion.fr/zones/nord-val-doise/sarcelles/"
    }
  },

  "city-villiers-le-bel": {
    "id": "city-villiers-le-bel",
    "slug": "villiers-le-bel",
    "name": "Villiers-le-Bel",
    "zoneSlug": "nord-val-doise",
    "zoneName": "Nord Val-d’Oise (95)",
    "segment": "volume",
    "localNotes": ["Demandes rapides fréquentes", "Mettre en avant prise de contact simple"],
    "nearby": ["city-sarcelles", "city-gonesse", "city-arnouville"],
    "pageTitle": {
      "badge": "Ville",
      "title": "Villiers-le-Bel — plus d’appels & demandes",
      "subtitle": "Nord Val-d’Oise (95) • Objectif : appels & formulaires",
      "image": "/assets/images/hero/page-title.jpg"
    },
    "breadcrumbs": [
      { "name": "Accueil", "url": "/" },
      { "name": "Zones", "url": "/zones/" },
      { "name": "Nord Val-d’Oise (95)", "url": "/zones/nord-val-doise/" },
      { "name": "Villiers-le-Bel", "url": "/zones/nord-val-doise/villiers-le-bel/" }
    ],
    "seo": {
      "title": "Villiers-le-Bel (Nord Val-d’Oise) — appels & demandes | Horizon Conversion",
      "description": "À Villiers-le-Bel (Nord Val-d’Oise), on transforme votre visibilité locale en appels et demandes : page claire, preuves, contact simple, et suivi des demandes.",
      "canonical": "https://horizon-conversion.fr/zones/nord-val-doise/villiers-le-bel/"
    }
  },

  "city-garges-les-gonesse": {
    "id": "city-garges-les-gonesse",
    "slug": "garges-les-gonesse",
    "name": "Garges-lès-Gonesse",
    "zoneSlug": "nord-val-doise",
    "zoneName": "Nord Val-d’Oise (95)",
    "segment": "volume",
    "localNotes": ["Besoin de qualification", "Appels + WhatsApp (si utilisé)"],
    "nearby": ["city-sarcelles", "city-villiers-le-bel"],
    "pageTitle": {
      "badge": "Ville",
      "title": "Garges-lès-Gonesse — plus d’appels & demandes",
      "subtitle": "Nord Val-d’Oise (95) • Objectif : appels & formulaires",
      "image": "/assets/images/hero/page-title.jpg"
    },
    "breadcrumbs": [
      { "name": "Accueil", "url": "/" },
      { "name": "Zones", "url": "/zones/" },
      { "name": "Nord Val-d’Oise (95)", "url": "/zones/nord-val-doise/" },
      { "name": "Garges-lès-Gonesse", "url": "/zones/nord-val-doise/garges-les-gonesse/" }
    ],
    "seo": {
      "title": "Garges-lès-Gonesse (Nord Val-d’Oise) — appels & demandes | Horizon Conversion",
      "description": "À Garges-lès-Gonesse (Nord Val-d’Oise), on transforme votre visibilité locale en appels et demandes : page claire, preuves, contact simple, et suivi des demandes.",
      "canonical": "https://horizon-conversion.fr/zones/nord-val-doise/garges-les-gonesse/"
    }
  },

  "city-arnouville": {
    "id": "city-arnouville",
    "slug": "arnouville",
    "name": "Arnouville",
    "zoneSlug": "nord-val-doise",
    "zoneName": "Nord Val-d’Oise (95)",
    "segment": "volume",
    "localNotes": ["Souvent orienté conversion", "CTA très visible"],
    "nearby": ["city-villiers-le-bel", "city-gonesse"],
    "pageTitle": {
      "badge": "Ville",
      "title": "Arnouville — plus d’appels & demandes",
      "subtitle": "Nord Val-d’Oise (95) • Objectif : appels & formulaires",
      "image": "/assets/images/hero/page-title.jpg"
    },
    "breadcrumbs": [
      { "name": "Accueil", "url": "/" },
      { "name": "Zones", "url": "/zones/" },
      { "name": "Nord Val-d’Oise (95)", "url": "/zones/nord-val-doise/" },
      { "name": "Arnouville", "url": "/zones/nord-val-doise/arnouville/" }
    ],
    "seo": {
      "title": "Arnouville (Nord Val-d’Oise) — appels & demandes | Horizon Conversion",
      "description": "À Arnouville (Nord Val-d’Oise), on transforme votre visibilité locale en appels et demandes : page claire, preuves, contact simple, et suivi des demandes.",
      "canonical": "https://horizon-conversion.fr/zones/nord-val-doise/arnouville/"
    }
  },

  "city-roissy-en-france": {
    "id": "city-roissy-en-france",
    "slug": "roissy-en-france",
    "name": "Roissy-en-France",
    "zoneSlug": "nord-val-doise",
    "zoneName": "Nord Val-d’Oise (95)",
    "segment": "premium",
    "localNotes": ["Attentes image/qualité", "Process rassurant"],
    "nearby": ["city-goussainville", "city-gonesse"],
    "pageTitle": {
      "badge": "Ville",
      "title": "Roissy-en-France — plus d’appels & demandes",
      "subtitle": "Nord Val-d’Oise (95) • Objectif : appels & formulaires",
      "image": "/assets/images/hero/page-title.jpg"
    },
    "breadcrumbs": [
      { "name": "Accueil", "url": "/" },
      { "name": "Zones", "url": "/zones/" },
      { "name": "Nord Val-d’Oise (95)", "url": "/zones/nord-val-doise/" },
      { "name": "Roissy-en-France", "url": "/zones/nord-val-doise/roissy-en-france/" }
    ],
    "seo": {
      "title": "Roissy-en-France (Nord Val-d’Oise) — appels & demandes | Horizon Conversion",
      "description": "À Roissy-en-France (Nord Val-d’Oise), on transforme votre visibilité locale en appels et demandes : page claire, preuves, contact simple, et suivi des demandes.",
      "canonical": "https://horizon-conversion.fr/zones/nord-val-doise/roissy-en-france/"
    }
  },

  "city-montmorency": {
    "id": "city-montmorency",
    "slug": "montmorency",
    "name": "Montmorency",
    "zoneSlug": "nord-val-doise",
    "zoneName": "Nord Val-d’Oise (95)",
    "segment": "premium",
    "localNotes": ["Attentes élevées", "Focus confiance + suivi"],
    "nearby": ["city-domont", "city-enghien-les-bains"],
    "pageTitle": {
      "badge": "Ville",
      "title": "Montmorency — plus d’appels & demandes",
      "subtitle": "Nord Val-d’Oise (95) • Objectif : appels & formulaires",
      "image": "/assets/images/hero/page-title.jpg"
    },
    "breadcrumbs": [
      { "name": "Accueil", "url": "/" },
      { "name": "Zones", "url": "/zones/" },
      { "name": "Nord Val-d’Oise (95)", "url": "/zones/nord-val-doise/" },
      { "name": "Montmorency", "url": "/zones/nord-val-doise/montmorency/" }
    ],
    "seo": {
      "title": "Montmorency (Nord Val-d’Oise) — appels & demandes | Horizon Conversion",
      "description": "À Montmorency (Nord Val-d’Oise), on transforme votre visibilité locale en appels et demandes : page claire, preuves, contact simple, et suivi des demandes.",
      "canonical": "https://horizon-conversion.fr/zones/nord-val-doise/montmorency/"
    }
  },

  "city-saint-brice-sous-foret": {
    "id": "city-saint-brice-sous-foret",
    "slug": "saint-brice-sous-foret",
    "name": "Saint-Brice-sous-Forêt",
    "zoneSlug": "nord-val-doise",
    "zoneName": "Nord Val-d’Oise (95)",
    "segment": "mix",
    "localNotes": ["Marché local actif", "Angle conversion + clarté"],
    "nearby": ["city-domont", "city-montmorency"],
    "pageTitle": {
      "badge": "Ville",
      "title": "Saint-Brice-sous-Forêt — plus d’appels & demandes",
      "subtitle": "Nord Val-d’Oise (95) • Objectif : appels & formulaires",
      "image": "/assets/images/hero/page-title.jpg"
    },
    "breadcrumbs": [
      { "name": "Accueil", "url": "/" },
      { "name": "Zones", "url": "/zones/" },
      { "name": "Nord Val-d’Oise (95)", "url": "/zones/nord-val-doise/" },
      { "name": "Saint-Brice-sous-Forêt", "url": "/zones/nord-val-doise/saint-brice-sous-foret/" }
    ],
    "seo": {
      "title": "Saint-Brice-sous-Forêt (Nord Val-d’Oise) — appels & demandes | Horizon Conversion",
      "description": "À Saint-Brice-sous-Forêt (Nord Val-d’Oise), on transforme votre visibilité locale en appels et demandes : page claire, preuves, contact simple, et suivi des demandes.",
      "canonical": "https://horizon-conversion.fr/zones/nord-val-doise/saint-brice-sous-foret/"
    }
  },

  "city-enghien-les-bains": {
    "id": "city-enghien-les-bains",
    "slug": "enghien-les-bains",
    "name": "Enghien-les-Bains",
    "zoneSlug": "nord-val-doise",
    "zoneName": "Nord Val-d’Oise (95)",
    "segment": "premium",
    "localNotes": ["Image et confiance importantes", "Preuves + process"],
    "nearby": ["city-montmorency"],
    "pageTitle": {
      "badge": "Ville",
      "title": "Enghien-les-Bains — plus d’appels & demandes",
      "subtitle": "Nord Val-d’Oise (95) • Objectif : appels & formulaires",
      "image": "/assets/images/hero/page-title.jpg"
    },
    "breadcrumbs": [
      { "name": "Accueil", "url": "/" },
      { "name": "Zones", "url": "/zones/" },
      { "name": "Nord Val-d’Oise (95)", "url": "/zones/nord-val-doise/" },
      { "name": "Enghien-les-Bains", "url": "/zones/nord-val-doise/enghien-les-bains/" }
    ],
    "seo": {
      "title": "Enghien-les-Bains (Nord Val-d’Oise) — appels & demandes | Horizon Conversion",
      "description": "À Enghien-les-Bains (Nord Val-d’Oise), on transforme votre visibilité locale en appels et demandes : page claire, preuves, contact simple, et suivi des demandes.",
      "canonical": "https://horizon-conversion.fr/zones/nord-val-doise/enghien-les-bains/"
    }
  },

  "city-lisle-adam": {
    "id": "city-lisle-adam",
    "slug": "l-isle-adam",
    "name": "L’Isle-Adam",
    "zoneSlug": "nord-val-doise",
    "zoneName": "Nord Val-d’Oise (95)",
    "segment": "premium",
    "localNotes": ["Attentes qualité", "Rassurance avant contact"],
    "nearby": ["city-beaumont-sur-oise", "city-mery-sur-oise"],
    "pageTitle": {
      "badge": "Ville",
      "title": "L’Isle-Adam — plus d’appels & demandes",
      "subtitle": "Nord Val-d’Oise (95) • Objectif : appels & formulaires",
      "image": "/assets/images/hero/page-title.jpg"
    },
    "breadcrumbs": [
      { "name": "Accueil", "url": "/" },
      { "name": "Zones", "url": "/zones/" },
      { "name": "Nord Val-d’Oise (95)", "url": "/zones/nord-val-doise/" },
      { "name": "L’Isle-Adam", "url": "/zones/nord-val-doise/l-isle-adam/" }
    ],
    "seo": {
      "title": "L’Isle-Adam (Nord Val-d’Oise) — appels & demandes | Horizon Conversion",
      "description": "À L’Isle-Adam (Nord Val-d’Oise), on transforme votre visibilité locale en appels et demandes : page claire, preuves, contact simple, et suivi des demandes.",
      "canonical": "https://horizon-conversion.fr/zones/nord-val-doise/l-isle-adam/"
    }
  },

  "city-mery-sur-oise": {
    "id": "city-mery-sur-oise",
    "slug": "mery-sur-oise",
    "name": "Méry-sur-Oise",
    "zoneSlug": "nord-val-doise",
    "zoneName": "Nord Val-d’Oise (95)",
    "segment": "mix",
    "localNotes": ["Approche mix : visibilité + conversion", "Bien cadrer la zone d’intervention"],
    "nearby": ["city-l-isle-adam", "city-beaumont-sur-oise"],
    "pageTitle": {
      "badge": "Ville",
      "title": "Méry-sur-Oise — plus d’appels & demandes",
      "subtitle": "Nord Val-d’Oise (95) • Objectif : appels & formulaires",
      "image": "/assets/images/hero/page-title.jpg"
    },
    "breadcrumbs": [
      { "name": "Accueil", "url": "/" },
      { "name": "Zones", "url": "/zones/" },
      { "name": "Nord Val-d’Oise (95)", "url": "/zones/nord-val-doise/" },
      { "name": "Méry-sur-Oise", "url": "/zones/nord-val-doise/mery-sur-oise/" }
    ],
    "seo": {
      "title": "Méry-sur-Oise (Nord Val-d’Oise) — appels & demandes | Horizon Conversion",
      "description": "À Méry-sur-Oise (Nord Val-d’Oise), on transforme votre visibilité locale en appels et demandes : page claire, preuves, contact simple, et suivi des demandes.",
      "canonical": "https://horizon-conversion.fr/zones/nord-val-doise/mery-sur-oise/"
    }
  },

  "city-pontpoint": {
    "id": "city-pontpoint",
    "slug": "pontpoint",
    "name": "Pontpoint",
    "zoneSlug": "sud-oise",
    "zoneName": "Sud Oise (60)",
    "segment": "mix",
    "localNotes": ["Ville à traiter en proximité", "Angle local + simplicité"],
    "nearby": ["city-pont-sainte-maxence", "city-senlis"],
    "pageTitle": {
      "badge": "Ville",
      "title": "Pontpoint — plus d’appels & demandes",
      "subtitle": "Sud Oise (60) • Objectif : appels & formulaires",
      "image": "/assets/images/hero/page-title.jpg"
    },
    "breadcrumbs": [
      { "name": "Accueil", "url": "/" },
      { "name": "Zones", "url": "/zones/" },
      { "name": "Sud Oise (60)", "url": "/zones/sud-oise/" },
      { "name": "Pontpoint", "url": "/zones/sud-oise/pontpoint/" }
    ],
    "seo": {
      "title": "Pontpoint (Sud Oise) — appels & demandes | Horizon Conversion",
      "description": "À Pontpoint (Sud Oise), on transforme votre visibilité locale en appels et demandes : page claire, preuves, contact simple, et suivi des demandes.",
      "canonical": "https://horizon-conversion.fr/zones/sud-oise/pontpoint/"
    }
  }
}